year,model,price,mileage,color,transmission
,,,,,
2011,SEL,21992,7413,Yellow,AUTO
,,,,,
2011,SEL,20995,10926,Gray,AUTO
,,,,,
2011,SEL,19995,7351,Silver,AUTO
,,,,,
2011,SEL,17809,11613,Gray,AUTO
,,,,,
2012,SE,17500,8367,White,AUTO
,,,,,
2010,SEL,17495,25125,Silver,AUTO
,,,,,
2011,SEL,17000,27393,Blue,AUTO
,,,,,
2010,SEL,16995,21026,Silver,AUTO
,,,,,
2011,SES,16995,32655,Silver,AUTO
,,,,,
2010,SES,16995,36116,Silver,AUTO
,,,,,
2010,SES,16995,40539,Black,AUTO
,,,,,
2011,SES,16992,9199,Silver,AUTO
,,,,,
2011,SEL,16950,9388,Green,AUTO
,,,,,
2010,SES,16950,32058,Red,AUTO
,,,,,
2011,SE,16000,15367,White,AUTO
,,,,,
2011,SES,15999,16368,Blue,AUTO
,,,,,
2010,SEL,15999,19926,Silver,AUTO
,,,,,
2010,SES,15995,36049,Silver,AUTO
,,,,,
2011,SEL,15992,11662,Blue,AUTO
,,,,,
2011,SEL,15992,32069,Silver,AUTO
,,,,,
2010,SES,15988,16035,Silver,MANUAL
,,,,,
2010,SEL,15980,39943,White,AUTO
,,,,,
2011,SE,15899,36685,Silver,AUTO
,,,,,
2010,SEL,15889,24920,Black,AUTO
,,,,,
2009,SEL,15688,20019,Blue,AUTO
,,,,,
2010,SE,15500,29338,Blue,AUTO
,,,,,
2010,SE,15499,7784,Black,AUTO
,,,,,
2010,SE,15499,35636,Black,AUTO
,,,,,
2010,SES,15298,22029,Gray,AUTO
,,,,,
2009,SEL,14999,33107,Silver,AUTO
,,,,,
2010,SES,14999,36306,Red,AUTO
,,,,,
2009,SE,14995,34419,Black,MANUAL
,,,,,
2011,SE,14992,4867,Black,AUTO
,,,,,
2011,SEL,14992,18948,Black,AUTO
,,,,,
2009,SES,14992,24030,Red,AUTO
,,,,,
2010,SEL,14990,33036,Black,AUTO
,,,,,
2011,SE,14989,23967,White,AUTO
,,,,,
2010,SE,14906,37905,Silver,AUTO
,,,,,
2010,SE,14900,28955,White,AUTO
,,,,,
2010,SE,14893,11165,White,AUTO
,,,,,
2010,SES,14761,44813,Black,AUTO
,,,,,
2010,SES,14699,36469,Gray,AUTO
,,,,,
2010,SES,14677,22143,Black,MANUAL
,,,,,
2009,SES,14549,34046,Silver,AUTO
,,,,,
2010,SE,14499,32703,Red,AUTO
,,,,,
2010,SES,14495,35894,Silver,AUTO
,,,,,
2010,SE,14495,38275,Black,AUTO
,,,,,
2010,SE,14480,24855,Blue,AUTO
,,,,,
2009,SEL,14477,29501,Gray,MANUAL
,,,,,
2009,SEL,14355,35394,Red,AUTO
,,,,,
2010,SE,14299,36447,Black,AUTO
,,,,,
2010,SES,14275,35318,Black,AUTO
,,,,,
2010,SES,14000,24929,Silver,AUTO
,,,,,
2009,SE,13999,23785,Red,AUTO
,,,,,
2010,SE,13997,15167,Black,MANUAL
,,,,,
2010,SE,13995,13541,Silver,AUTO
,,,,,
2010,SE,13995,20278,Black,MANUAL
,,,,,
2009,SES,13995,46126,Black,AUTO
,,,,,
2009,SES,13995,53733,Silver,AUTO
,,,,,
2009,SES,13992,21108,Silver,AUTO
,,,,,
2010,SE,13992,21721,Green,AUTO
,,,,,
2010,SES,13992,26716,Gray,MANUAL
,,,,,
2009,SES,13992,26887,Black,AUTO
,,,,,
2009,SE,13991,36252,Silver,MANUAL
,,,,,
2009,SE,13950,9450,Black,AUTO
,,,,,
2010,SE,13950,31414,Black,AUTO
,,,,,
2010,SE,13950,37185,Blue,AUTO
,,,,,
2010,SE,13895,48174,Gray,AUTO
,,,,,
2009,SE,13888,50533,White,AUTO
,,,,,
2009,SE,13845,36713,Blue,AUTO
,,,,,
2009,SES,13799,34888,Black,AUTO
,,,,,
2009,SES,13742,38380,Black,AUTO
,,,,,
2010,SEL,13687,35574,Gray,AUTO
,,,,,
2009,SEL,13663,27528,Silver,AUTO
,,,,,
2010,SES,13599,33302,Red,AUTO
,,,,,
2009,SEL,13584,43369,Red,AUTO
,,,,,
2009,SES,13425,64055,Black,AUTO
,,,,,
2010,SE,13384,41342,Gray,AUTO
,,,,,
2010,SE,13383,34503,Black,AUTO
,,,,,
2010,SE,13350,16573,Blue,AUTO
,,,,,
2009,SES,12999,32403,Blue,AUTO
,,,,,
2009,SE,12998,34846,Blue,AUTO
,,,,,
2007,SE,12997,39665,Red,AUTO
,,,,,
2010,SE,12995,21325,Black,AUTO
,,,,,
2010,SE,12995,32743,Black,MANUAL
,,,,,
2010,SE,12995,40058,White,MANUAL
,,,,,
2009,SE,12995,42325,Blue,AUTO
,,,,,
2009,SE,12995,44518,Red,AUTO
,,,,,
2009,SE,12995,53902,Gray,AUTO
,,,,,
2008,SE,12995,127327,Red,AUTO
,,,,,
2009,SE,12992,27136,Gray,AUTO
,,,,,
2009,SES,12990,45813,Silver,AUTO
,,,,,
2009,SE,12988,31538,Gray,AUTO
,,,,,
2010,SE,12849,29517,Silver,AUTO
,,,,,
2010,SE,12780,35871,Black,AUTO
,,,,,
2008,SE,12777,49787,Black,MANUAL
,,,,,
2008,SES,12704,36323,Blue,AUTO
,,,,,
2009,SES,12595,39211,Blue,AUTO
,,,,,
2009,SE,12507,44789,Gray,AUTO
,,,,,
2008,SE,12500,45996,White,MANUAL
,,,,,
2009,SE,12500,54988,White,MANUAL
,,,,,
2009,SE,12280,29288,Red,AUTO
,,,,,
2009,SE,11999,36124,Blue,AUTO
,,,,,
2009,SE,11992,32559,Black,MANUAL
,,,,,
2009,SES,11984,59048,Black,AUTO
,,,,,
2009,SE,11980,55170,Red,AUTO
,,,,,
2010,SE,11792,39722,Green,AUTO
,,,,,
2008,SE,11754,38286,Black,AUTO
,,,,,
2008,SES,11749,57341,Red,AUTO
,,,,,
2008,SES,11495,82221,Silver,AUTO
,,,,,
2008,SE,11450,85229,Red,MANUAL
